peripheral	renesas_pad	e1m_pad	e1m_function
µSD1_V_SEL	PA2
Audio_CLKB	P10
Audio_CLKB_OE	P67
Audio_CLKC	P11	AR9	AUDIO_CLK
BL_PWM	PA5
BT_HOST_WAKE	P05
BT_I2S.CLK	P73
BT_I2S.DI	P83
BT_I2S.DO	P81
BT_I2S.WS	P82
BT_UART.CTS	P43
BT_UART.RTS	P42
BT_UART.RXD	P40
BT_UART.TXD	P41
CANFD2_CRX2	P85	B25	CAN1L/CAN1_RX
CANFD2_CTX2	P84	B24	CAN1H/CAN1_TX
CANFD3_CRX3	P87	B22	CAN0L/CAN0_RX
CANFD3_CTX3	P86	B21	CAN0H/CAN0_TX
DA9292_INT	P37
DA9292_TW	P36
DEEPX_CORE_0P75_EN	P64
DEEPX_PWR_EN_REQ	P65
eMMC_V_SEL	PA0
ET0_MDC	K27
ET0_MDIO	J29
ET0_PHY_INTR	M27
ET0_RXC_RXCLK	K25
ET0_RXCTL_RXDV	L24
ET0_RXD0	L27
ET0_RXD1	N28
ET0_RXD2	N29
ET0_RXD3	M29
ET0_TXC_TXCLK	L25
ET0_TXCTL_TXEN	J26
ET0_TXD0	M25
ET0_TXD1	M26
ET0_TXD2	K29
ET0_TXD3	M24
ET1_MDC	N25
ET1_MDIO	P29
ET1_PHY_INTR	T29
ET1_RXC_RXCLK	P24
ET1_RXCTL_RXDV	N26
ET1_RXD0	T27
ET1_RXD1	T25
ET1_RXD2	U29
ET1_RXD3	T26
ET1_TXC_TXCLK	P25
ET1_TXCTL_TXEN	N27
ET1_TXD0	R28
ET1_TXD1	R24
ET1_TXD2	T28
ET1_TXD3	R26
GD32_SPI.CS0	P97
GD32_SPI.MISO	P77
GD32_SPI.MOSI	P76
GD32_SPI.SCLK	P96
GD32_SWDIO	P70
GD32_SWCLK	P71
GD32_NRST	P74
I3C_SCL30	P21	AQ19	I3C_SCL
I3C_SDA30	P20	AR19	I3C_SDA
PDM0_PDMCLK00	P01	AQ7	PDM_C0
PDM0_PDMCLK01	P03	AQ8	PDM_C1
PDM0_PDMDAT00	P00	AR7	PDM_D0
PDM0_PDMDAT01	P02	AR8	PDM_D1
RIIC0_SCL0	P31	AH1	I2C0_SCL
RIIC0_SDA0	P30	AH2	I2C0_SDA
RIIC1_SCL1	P33	AQ47	I2C1_SCL
RIIC1_SDA1	P32	AR47	I2C1_SDA
RIIC2_SCL2	P35	E64	I2C2_SCL
RIIC2_SDA2	P34	E63	I2C2_SDA
RIIC8_SCL8	P07
RIIC8_SDA8	P06
RSPI0_MISOA	P91	AD1	SPI0_MISO
RSPI0_MOSIA	P90	AD2	SPI0_MOSI
RSPI0_RSPCKA	P92	AE2	SPI0_SCLK
RSPI0_SSLA0	P93	AE1	SPI0_CS0
RSPI0_SSLA1	P94	AF1	SPI0_CS1
RTC_ALARM	PA7
RSCI2_MISO2	P55	AQ13	SPI1_MISO
RSCI2_MOSI2	P54	AQ14	SPI1_MOSI
RSCI2_SCK2	P56	AR15	SPI1_SCLK
RSCI2_SS2	P57	AR14	SPI1_CS0
RSCI2_CS1_GPIO	P14	AR13	SPI1_CS1
RSCI3_MISO3	P63	B63	SPI2_MISO
RSCI3_MOSI3	P62	B64	SPI2_MOSI
RSCI3_SCK3	P66	C63	SPI2_SCLK
RSCI3_CS0_GPIO	P60	C64	SPI2_CS0
RSCI3_CS1_GPIO	P61	D64	SPI2_CS1
SD0CLK	AC27
SD0CMD	AC23
SD0DAT0	AB24
SD0DAT1	AB23
SD0DAT2	AB26
SD0DAT3	AC28
SD0DAT4	AC29
SD0DAT5	AB27
SD0DAT6	AD24
SD0DAT7	AC25
SD0RSTN	AB25
SD1CLK	AD27
SD1CMD	AD26
SD1DAT0	AD28
SD1DAT1	AE26
SD1DAT2	AD25
SD1DAT3	AE27
SD1_SD1CD	PA1	AQ34	SD_DET
SD1_SD1PWEN	PA3
SDCARD_RST	PA4	AR32	SD_RST
SSIU1_SSI1_SCK	P44	AQ5	I2S0_SCLK
SSIU1_SSI1_SDATA	P46	AQ4	I2S0_SDI
SSIU1_SSI1_WS	P45	AR5	I2S0_WS
SSIU2_SSI2_SDATA	P47	AR4	I2S0_SDO
SSIU3_SSI3_SCK	P12	AR11	I2S1_SCLK
SSIU3_SSI3_SDATA	P04	AR10	I2S1_SDI
SSIU3_SSI3_WS	P13	AQ11	I2S1_WS
SSIU4_SSI4_SDATA	P15	AQ10	I2S1_SDO
UART0_RXD0	P51	AB2	UART0_RX
UART0_TXD0	P50	AA2	UART0_TX
UART1_RXD1	P53
UART1_TXD1	P52
WIFI_SDIO.CLK	PB0
WIFI_SDIO.CMD	PB5
WIFI_SDIO.D0	PB1
WIFI_SDIO.D1	PB2
WIFI_SDIO.D2	PB3
WIFI_SDIO.D3	PB4
WL_HOST_WAKE	P72
XSPI0_CKN	AH19
XSPI0_CKP	AJ19
XSPI0_CS0N	AD19
XSPI0_DS	AF19
XSPI0_ECS0N	AJ18
XSPI0_INT0N	AJ17
XSPI0_IO0	AH20
XSPI0_IO1	AG18
XSPI0_IO2	AD18
XSPI0_IO3	AG19
XSPI0_IO4	AE18
XSPI0_IO5	AJ20
XSPI0_IO6	AC19
XSPI0_IO7	AC18
XSPI0_RESET0N	AF18
XSPI0_RSTO0N	AH18
# Pad-voltage caveat (R01UH1071EJ0120 4.2.3.1.1 Note 1): P2x (I3C_SCL30/SDA30), P90-P92 (RSPI0 MOSIA/MISOA/RSPCKA) and PBx (WIFI_SDIO.*)
# are NOT 3.3 V tolerant; every other Pxx pad is. Do not enable an rspi0 or i3c devicetree node before the carrier parts on those pads are
# confirmed not to drive 3.3 V.
# Pin-function index (Table 1.2-3): CANFD2 P84 CTX2 / P85 CRX2 and CANFD3 P86 CTX3 / P87 CRX3 are all function 5 (f5).
# RSCI2 (E1M SPI1): P54 f1 MOSI2, P55 f1 MISO2, P56 f2 SCK2, P57 f2 SS2 (slave only). P14 has no RSCI2 function: GPIO chip select.
# RSCI3 (E1M SPI2): P62 f6 MOSI3, P63 f6 MISO3, P66 f1 SCK3. P60/P61 carry no RSCI3 slave select: GPIO chip selects.
